{
  "dataset_name": "gribok201/150episodes6",
  "version": "2025.07.08",
  "notes": "Evaluated on 2 samples",
  "action_consistency": 0.6933106845949334,
  "visual_diversity": 0.11654147034208022,
  "high_fidelity_vision": {
    "multiple_views": 1.0,
    "resolution_framerate": 1.0,
    "environment_verification": 0.38482924014981945,
    "prompt_quality": 0.7000000000000001,
    "overall_score": 0.7712073100374549
  },
  "trajectory_quality": 0.9354514348999678,
  "dataset_coverage": 0.26749999999999996,
  "robot_action_quality": 0.74709123908774
}