{
  "dataset_name": "gribok201/150episodes6",
  "version": "2025.07.08",
  "notes": "Evaluated on 5 samples",
  "dataset_coverage": 0.27499999999999997,
  "high_fidelity_vision": {
    "multiple_views": 1.0,
    "resolution_framerate": 1.0,
    "environment_verification": 0.38454354620782494,
    "prompt_quality": 0.7000000000000001,
    "overall_score": 0.7711358865519563
  },
  "trajectory_quality": 0.9310875522380415,
  "action_consistency": 0.6787581054587967,
  "visual_diversity": 0.11446248142080256,
  "robot_action_quality": 0.7480588621453937
}